ec_id	reaction_id
ec:1.1.1.1	R02246
ec:1.1.1.1	R07105
ec:1.1.1.1	R00623
ec:1.1.1.1	R00754
ec:1.1.1.1	R02124
ec:1.1.1.1	R02878
ec:1.1.1.1	R04805
ec:1.1.1.1	R04880
ec:1.1.1.1	R05233
ec:1.1.1.1	R05234
ec:1.1.1.1	R06917
ec:1.1.1.1	R06927
ec:1.1.1.1	R08281
ec:1.1.1.1	R08306
ec:1.1.1.1	R08557
ec:1.1.1.1	R08558
ec:1.1.1.1	R10783
ec:1.1.1.1	R00624
ec:1.1.1.1	R08310
ec:1.1.1.100	R10116
ec:1.1.1.100	R10120
ec:1.1.1.100	R02767
ec:1.1.1.100	R04533
ec:1.1.1.100	R04534
ec:1.1.1.100	R04536
ec:1.1.1.100	R04543
ec:1.1.1.100	R04566
ec:1.1.1.100	R04953
ec:1.1.1.100	R04964
ec:1.1.1.100	R07763
ec:1.1.1.103	R01465
ec:1.1.1.127	R01542
ec:1.1.1.130	R02637
ec:1.1.1.130	R02639
ec:1.1.1.133	R02777
ec:1.1.1.14	R00875
ec:1.1.1.14	R01896
ec:1.1.1.14	R07145
ec:1.1.1.140	R05607
ec:1.1.1.140	R07133
ec:1.1.1.157	R05576
ec:1.1.1.157	R06941
ec:1.1.1.157	R01976
ec:1.1.1.159	R02792
ec:1.1.1.169	R02472
ec:1.1.1.17	R00758
ec:1.1.1.17	R02703
ec:1.1.1.183	R08083
ec:1.1.1.183	R08084
ec:1.1.1.183	R08085
ec:1.1.1.183	R03581
ec:1.1.1.193	R03458
ec:1.1.1.2	R01481
ec:1.1.1.2	R02247
ec:1.1.1.2	R00625
ec:1.1.1.2	R00746
ec:1.1.1.2	R01041
ec:1.1.1.2	R05231
ec:1.1.1.2	R07328
ec:1.1.1.205	R08240
ec:1.1.1.205	R01130
ec:1.1.1.215	R08879
ec:1.1.1.215	R08880
ec:1.1.1.215	R01739
ec:1.1.1.22	R00286
ec:1.1.1.23	R01163
ec:1.1.1.23	R03012
ec:1.1.1.23	R01158
ec:1.1.1.237	R01370
ec:1.1.1.237	R01371
ec:1.1.1.237	R03337
ec:1.1.1.237	R03339
ec:1.1.1.237	R03373
ec:1.1.1.237	R12252
ec:1.1.1.25	R02413
ec:1.1.1.25	R12885
ec:1.1.1.251	R05571
ec:1.1.1.262	R05837
ec:1.1.1.262	R05681
ec:1.1.1.262	R07406
ec:1.1.1.264	R05683
ec:1.1.1.264	R05684
ec:1.1.1.267	R05688
ec:1.1.1.271	R07059
ec:1.1.1.271	R07060
ec:1.1.1.271	R05692
ec:1.1.1.28	R00704
ec:1.1.1.282	R01872
ec:1.1.1.282	R06846
ec:1.1.1.282	R02413
ec:1.1.1.282	R06847
ec:1.1.1.284	R06983
ec:1.1.1.284	R07140
ec:1.1.1.290	R04210
ec:1.1.1.3	R01773
ec:1.1.1.3	R01775
ec:1.1.1.305	R07658
ec:1.1.1.336	R03317
ec:1.1.1.343	R10221
ec:1.1.1.346	R08878
ec:1.1.1.35	R05305
ec:1.1.1.35	R08094
ec:1.1.1.35	R01778
ec:1.1.1.35	R01975
ec:1.1.1.35	R04203
ec:1.1.1.35	R04737
ec:1.1.1.35	R04739
ec:1.1.1.35	R04741
ec:1.1.1.35	R04743
ec:1.1.1.35	R04745
ec:1.1.1.35	R04748
ec:1.1.1.35	R06941
ec:1.1.1.35	R07890
ec:1.1.1.35	R07894
ec:1.1.1.35	R07898
ec:1.1.1.350	R02935
ec:1.1.1.363	R00835
ec:1.1.1.363	R02736
ec:1.1.1.363	R10520
ec:1.1.1.363	R10907
ec:1.1.1.37	R03431
ec:1.1.1.37	R07136
ec:1.1.1.37	R00342
ec:1.1.1.373	R10719
ec:1.1.1.38	R00214
ec:1.1.1.38	R00217
ec:1.1.1.380	R10848
ec:1.1.1.381	R10852
ec:1.1.1.381	R10851
ec:1.1.1.381	R03758
ec:1.1.1.399	R11337
ec:1.1.1.40	R00216
ec:1.1.1.40	R00217
ec:1.1.1.414	R12146
ec:1.1.1.42	R00267
ec:1.1.1.42	R01899
ec:1.1.1.42	R00268
ec:1.1.1.44	R01528
ec:1.1.1.49	R00835
ec:1.1.1.49	R02736
ec:1.1.1.57	R02454
ec:1.1.1.58	R02555
ec:1.1.1.6	R10715
ec:1.1.1.6	R10717
ec:1.1.1.6	R01034
ec:1.1.1.60	R01745
ec:1.1.1.60	R01747
ec:1.1.1.61	R01644
ec:1.1.1.65	R01708
ec:1.1.1.69	R01738
ec:1.1.1.69	R01740
ec:1.1.1.77	R01781
ec:1.1.1.77	R02257
ec:1.1.1.77	R02258
ec:1.1.1.77	R03080
ec:1.1.1.79	R01392
ec:1.1.1.79	R02527
ec:1.1.1.79	R00465
ec:1.1.1.81	R01388
ec:1.1.1.81	R01392
ec:1.1.1.83	R00215
ec:1.1.1.85	R00994
ec:1.1.1.85	R10052
ec:1.1.1.85	R04426
ec:1.1.1.85	R01652
ec:1.1.1.86	R03051
ec:1.1.1.86	R04440
ec:1.1.1.86	R05068
ec:1.1.1.86	R05069
ec:1.1.1.86	R05071
ec:1.1.1.86	R04439
ec:1.1.1.93	R02545
ec:1.1.1.93	R06180
ec:1.1.1.94	R00842
ec:1.1.1.94	R00844
ec:1.1.1.95	R01513
ec:1.1.1.95	R08198
ec:1.1.2.3	R00196
ec:1.1.5.12	R11591
ec:1.1.5.13	R12217
ec:1.1.5.2	R06620
ec:1.1.5.3	R00848
ec:1.1.5.3	R00849
ec:1.1.5.3	R08657
ec:1.1.5.4	R01257
ec:1.1.5.4	R00360
ec:1.1.5.4	R00361
ec:1.1.98.6	R11592
ec:1.1.98.6	R11633
ec:1.1.98.6	R11634
ec:1.1.98.6	R11635
ec:1.1.98.6	R11636
ec:1.1.98.7	R12569
ec:1.1.99.1	R01025
ec:1.1.99.14	R00476
ec:1.10.3.17	R12508
ec:1.11.1.21	R00602
ec:1.11.1.21	R00698
ec:1.11.1.21	R02596
ec:1.11.1.21	R02670
ec:1.11.1.21	R03919
ec:1.11.1.21	R04007
ec:1.11.1.21	R07443
ec:1.11.1.21	R11906
ec:1.11.1.21	R03532
ec:1.11.1.21	R00009
ec:1.11.1.24	R12570
ec:1.11.1.26	R12579
ec:1.11.1.28	R12602
ec:1.11.1.28	R12603
ec:1.11.1.5	R00017
ec:1.11.1.6	R00602
ec:1.11.1.6	R02670
ec:1.11.1.6	R00009
ec:1.11.1.9	R00274
ec:1.12.99.6	R08034
ec:1.12.99.6	R07182
ec:1.13.11.16	R04376
ec:1.13.11.16	R06788
ec:1.13.11.24	R02156
ec:1.13.11.81	R11037
ec:1.13.11.93	R13011
ec:1.14.11.17	R05320
ec:1.14.11.64	R12216
ec:1.14.12.17	R05724
ec:1.14.12.17	R05725
ec:1.14.12.19	R06783
ec:1.14.12.19	R06782
ec:1.14.13.127	R06786
ec:1.14.13.127	R06787
ec:1.14.13.149	R09838
ec:1.14.13.239	R11875
ec:1.14.13.239	R11911
ec:1.14.13.240	R04987
ec:1.14.13.240	R08768
ec:1.14.14.34	R10206
ec:1.14.14.5	R07210
ec:1.14.14.5	R10206
ec:1.14.99.46	R09936
ec:1.14.99.46	R09937
ec:1.14.99.46	R12544
ec:1.14.99.46	R12756
ec:1.14.99.46	R12545
ec:1.14.99.46	R12539
ec:1.14.99.46	R12546
ec:1.14.99.46	R12547
ec:1.14.99.60	R12067
ec:1.15.1.1	R00275
ec:1.16.1.9	R09541
ec:1.16.3.1	R00078
ec:1.16.3.2	R13250
ec:1.16.3.2	R13251
ec:1.16.3.2	R13252
ec:1.16.3.4	R12925
ec:1.17.1.4	R01768
ec:1.17.1.4	R12987
ec:1.17.1.4	R12988
ec:1.17.1.4	R02103
ec:1.17.1.8	R04198
ec:1.17.1.8	R04199
ec:1.17.1.9	R00519
ec:1.17.4.1	R08363
ec:1.17.4.1	R08364
ec:1.17.4.1	R11893
ec:1.17.4.1	R02017
ec:1.17.4.1	R02018
ec:1.17.4.1	R02019
ec:1.17.4.1	R02024
ec:1.17.4.1	R04294
ec:1.17.5.3	R09494
ec:1.17.7.1	R08689
ec:1.17.7.3	R10859
ec:1.17.7.4	R05884
ec:1.17.7.4	R08210
ec:1.17.98.4	R09481
ec:1.17.98.5	R12754
ec:1.17.99.6	R12500
ec:1.18.1.2	R01195
ec:1.18.1.2	R10159
ec:1.18.1.3	R02000
ec:1.18.1.3	R05875
ec:1.19.1.1	R11485
ec:1.2.1.10	R01172
ec:1.2.1.10	R00228
ec:1.2.1.11	R02291
ec:1.2.1.12	R01061
ec:1.2.1.16	R00713
ec:1.2.1.16	R00714
ec:1.2.1.19	R00904
ec:1.2.1.19	R12215
ec:1.2.1.19	R02549
ec:1.2.1.20	R02401
ec:1.2.1.21	R01333
ec:1.2.1.22	R00203
ec:1.2.1.22	R01446
ec:1.2.1.24	R00713
ec:1.2.1.38	R03443
ec:1.2.1.39	R02695
ec:1.2.1.39	R03300
ec:1.2.1.39	R02536
ec:1.2.1.41	R03313
ec:1.2.1.70	R04109
ec:1.2.1.71	R05049
ec:1.2.1.72	R01825
ec:1.2.1.79	R00714
ec:1.2.1.8	R02566
ec:1.2.1.8	R02565
ec:1.2.1.88	R00707
ec:1.2.1.88	R00708
ec:1.2.1.88	R04444
ec:1.2.1.88	R04445
ec:1.2.1.88	R05051
ec:1.2.1.88	R13148
ec:1.2.1.88	R00245
ec:1.2.1.91	R09820
ec:1.2.1.99	R07417
ec:1.2.1.99	R07418
ec:1.2.4.1	R00014
ec:1.2.4.1	R03270
ec:1.2.4.1	R01699
ec:1.2.4.2	R00621
ec:1.2.4.2	R03316
ec:1.2.4.2	R01700
ec:1.2.5.1	R03145
ec:1.2.7.1	R01199
ec:1.2.7.1	R08034
ec:1.2.7.1	R01196
ec:1.2.8.1	R10866
ec:1.20.4.1	R05747
ec:1.3.1.1	R00977
ec:1.3.1.1	R01414
ec:1.3.1.1	R11026
ec:1.3.1.10	R10118
ec:1.3.1.10	R10122
ec:1.3.1.10	R01404
ec:1.3.1.10	R04430
ec:1.3.1.10	R04725
ec:1.3.1.10	R04956
ec:1.3.1.10	R04959
ec:1.3.1.10	R04962
ec:1.3.1.10	R04967
ec:1.3.1.10	R04970
ec:1.3.1.12	R01728
ec:1.3.1.28	R01505
ec:1.3.1.34	R04319
ec:1.3.1.34	R12620
ec:1.3.1.76	R03947
ec:1.3.1.87	R06784
ec:1.3.1.87	R06785
ec:1.3.1.9	R01403
ec:1.3.1.9	R04429
ec:1.3.1.9	R04724
ec:1.3.1.9	R04955
ec:1.3.1.9	R04958
ec:1.3.1.9	R04961
ec:1.3.1.9	R04966
ec:1.3.1.9	R04969
ec:1.3.1.9	R07765
ec:1.3.1.98	R03191
ec:1.3.1.98	R03192
ec:1.3.3.3	R03220
ec:1.3.5.1	R02164
ec:1.3.5.1	R13223
ec:1.3.5.2	R01868
ec:1.3.5.3	R09489
ec:1.3.8.13	R11600
ec:1.3.98.3	R06895
ec:1.4.1.13	R00114
ec:1.4.1.13	R00256
ec:1.4.1.13	R00248
ec:1.4.1.4	R00145
ec:1.4.1.4	R00146
ec:1.4.1.4	R00248
ec:1.4.3.16	R00357
ec:1.4.3.16	R00481
ec:1.4.3.21	R04027
ec:1.4.3.21	R06740
ec:1.4.3.21	R01853
ec:1.4.3.21	R02382
ec:1.4.3.21	R02529
ec:1.4.3.21	R02613
ec:1.4.3.21	R03139
ec:1.4.3.21	R04300
ec:1.4.3.21	R06154
ec:1.4.3.5	R01710
ec:1.4.3.5	R01711
ec:1.4.3.5	R00277
ec:1.4.3.5	R00278
ec:1.4.4.2	R03425
ec:1.4.5.1	R01374
ec:1.4.5.1	R09493
ec:1.5.1.2	R03291
ec:1.5.1.2	R03293
ec:1.5.1.2	R01248
ec:1.5.1.2	R01251
ec:1.5.1.3	R00936
ec:1.5.1.3	R00937
ec:1.5.1.3	R00940
ec:1.5.1.3	R02235
ec:1.5.1.3	R02236
ec:1.5.1.3	R11765
ec:1.5.1.3	R00939
ec:1.5.1.34	R01793
ec:1.5.1.34	R01794
ec:1.5.1.34	R07354
ec:1.5.1.34	R07355
ec:1.5.1.38	R05706
ec:1.5.1.41	R05705
ec:1.5.1.41	R05707
ec:1.5.1.41	R09750
ec:1.5.1.5	R01220
ec:1.5.1.50	R11019
ec:1.5.1.54	R07168
ec:1.5.5.2	R01253
ec:1.6.1.1	R00112
ec:1.6.5.10	R07359
ec:1.6.5.2	R02964
ec:1.6.5.2	R03643
ec:1.6.5.2	R03816
ec:1.6.5.2	R07358
ec:1.6.5.2	R07359
ec:1.6.5.5	R02364
ec:1.6.5.9	R02163
ec:1.6.5.9	R07358
ec:1.7.1.13	R07605
ec:1.7.1.15	R00787
ec:1.7.1.17	R12035
ec:1.7.1.7	R01134
ec:1.7.2.2	R05712
ec:1.7.2.3	R02560
ec:1.7.5.1	R09497
ec:1.7.99.1	R00143
ec:1.7.99.1	R00284
ec:1.8.1.2	R00858
ec:1.8.1.4	R01698
ec:1.8.1.4	R03815
ec:1.8.1.4	R07618
ec:1.8.1.4	R08550
ec:1.8.1.7	R00094
ec:1.8.1.7	R00115
ec:1.8.1.8	R03913
ec:1.8.1.8	R03914
ec:1.8.1.9	R00900
ec:1.8.1.9	R03596
ec:1.8.1.9	R09372
ec:1.8.1.9	R02016
ec:1.8.4.10	R07176
ec:1.8.4.11	R04120
ec:1.8.4.11	R07606
ec:1.8.4.12	R07607
ec:1.8.4.14	R02025
ec:1.8.4.14	R07608
ec:1.8.4.8	R02021
ec:1.8.5.3	R09501
ec:1.8.5.7	R11659
ec:1.9.6.1	R00792
ec:1.9.6.1	R03071
ec:1.97.1.15	R13439
ec:1.97.1.15	R13440
ec:1.97.1.15	R13441
ec:1.97.1.4	R04710
ec:1.97.1.9	R07229
ec:2.1.1.10	R00650
ec:2.1.1.10	R11063
ec:2.1.1.107	R03950
ec:2.1.1.107	R03194
ec:2.1.1.107	R07237
ec:2.1.1.107	R07238
ec:2.1.1.13	R09365
ec:2.1.1.13	R00946
ec:2.1.1.14	R09365
ec:2.1.1.14	R04405
ec:2.1.1.144	R05763
ec:2.1.1.163	R09736
ec:2.1.1.171	R07234
ec:2.1.1.172	R07234
ec:2.1.1.173	R07234
ec:2.1.1.174	R07234
ec:2.1.1.181	R07232
ec:2.1.1.182	R10716
ec:2.1.1.187	R07233
ec:2.1.1.197	R09543
ec:2.1.1.201	R09737
ec:2.1.1.222	R04988
ec:2.1.1.222	R08769
ec:2.1.1.228	R00597
ec:2.1.1.297	R10806
ec:2.1.1.298	R10806
ec:2.1.1.33	R00600
ec:2.1.1.34	R02917
ec:2.1.1.35	R00594
ec:2.1.1.37	R00380
ec:2.1.1.37	R04858
ec:2.1.1.45	R02101
ec:2.1.1.61	R00601
ec:2.1.1.63	R04314
ec:2.1.1.64	R08781
ec:2.1.1.64	R12657
ec:2.1.1.72	R02961
ec:2.1.1.77	R04190
ec:2.1.1.79	R03411
ec:2.1.1.80	R02623
ec:2.1.2.1	R09099
ec:2.1.2.1	R00945
ec:2.1.2.10	R02300
ec:2.1.2.10	R04125
ec:2.1.2.11	R01216
ec:2.1.2.11	R01226
ec:2.1.2.13	R07660
ec:2.1.2.2	R04326
ec:2.1.2.2	R04325
ec:2.1.2.3	R04560
ec:2.1.2.9	R03940
ec:2.1.3.15	R04386
ec:2.1.3.2	R01397
ec:2.1.3.3	R01398
ec:2.1.3.5	R02937
ec:2.10.1.1	R09735
ec:2.2.1.1	R01067
ec:2.2.1.1	R01830
ec:2.2.1.1	R06590
ec:2.2.1.1	R06861
ec:2.2.1.1	R06863
ec:2.2.1.1	R01641
ec:2.2.1.2	R01827
ec:2.2.1.2	R08575
ec:2.2.1.6	R00014
ec:2.2.1.6	R03050
ec:2.2.1.6	R04672
ec:2.2.1.6	R04673
ec:2.2.1.6	R08648
ec:2.2.1.6	R00006
ec:2.2.1.6	R00226
ec:2.2.1.7	R05636
ec:2.2.1.9	R08165
ec:2.3.1.1	R00259
ec:2.3.1.109	R00832
ec:2.3.1.117	R04365
ec:2.3.1.118	R04024
ec:2.3.1.118	R08386
ec:2.3.1.12	R02569
ec:2.3.1.129	R04567
ec:2.3.1.129	R12920
ec:2.3.1.15	R09380
ec:2.3.1.15	R00851
ec:2.3.1.15	R02617
ec:2.3.1.157	R05332
ec:2.3.1.16	R13467
ec:2.3.1.16	R00238
ec:2.3.1.16	R00391
ec:2.3.1.16	R00829
ec:2.3.1.16	R00927
ec:2.3.1.16	R01177
ec:2.3.1.16	R03778
ec:2.3.1.16	R03858
ec:2.3.1.16	R03991
ec:2.3.1.16	R04742
ec:2.3.1.16	R04747
ec:2.3.1.16	R05506
ec:2.3.1.16	R05586
ec:2.3.1.16	R07891
ec:2.3.1.16	R07895
ec:2.3.1.16	R07899
ec:2.3.1.16	R07937
ec:2.3.1.16	R07953
ec:2.3.1.16	R08091
ec:2.3.1.16	R08095
ec:2.3.1.16	R13471
ec:2.3.1.16	R13479
ec:2.3.1.16	R13483
ec:2.3.1.174	R00829
ec:2.3.1.179	R02768
ec:2.3.1.179	R04355
ec:2.3.1.179	R04726
ec:2.3.1.179	R04952
ec:2.3.1.179	R04957
ec:2.3.1.179	R04960
ec:2.3.1.179	R04963
ec:2.3.1.179	R04968
ec:2.3.1.179	R07762
ec:2.3.1.179	R10115
ec:2.3.1.179	R10119
ec:2.3.1.18	R02616
ec:2.3.1.180	R10707
ec:2.3.1.181	R07769
ec:2.3.1.181	R07766
ec:2.3.1.181	R12427
ec:2.3.1.181	R12428
ec:2.3.1.191	R04550
ec:2.3.1.191	R12803
ec:2.3.1.210	R10142
ec:2.3.1.223	R09839
ec:2.3.1.234	R10648
ec:2.3.1.241	R05146
ec:2.3.1.242	R10906
ec:2.3.1.243	R05075
ec:2.3.1.243	R12197
ec:2.3.1.245	R11182
ec:2.3.1.251	R12200
ec:2.3.1.251	R12211
ec:2.3.1.251	R11223
ec:2.3.1.251	R12206
ec:2.3.1.251	R12187
ec:2.3.1.266	R04316
ec:2.3.1.267	R04316
ec:2.3.1.274	R12240
ec:2.3.1.275	R12241
ec:2.3.1.280	R11479
ec:2.3.1.286	R10633
ec:2.3.1.286	R10634
ec:2.3.1.29	R00371
ec:2.3.1.30	R00586
ec:2.3.1.31	R01776
ec:2.3.1.313	R13186
ec:2.3.1.39	R01626
ec:2.3.1.40	R04864
ec:2.3.1.41	R10115
ec:2.3.1.41	R10119
ec:2.3.1.41	R02768
ec:2.3.1.41	R04355
ec:2.3.1.41	R04726
ec:2.3.1.41	R04952
ec:2.3.1.41	R04957
ec:2.3.1.41	R04960
ec:2.3.1.41	R04963
ec:2.3.1.41	R04968
ec:2.3.1.41	R07762
ec:2.3.1.46	R01777
ec:2.3.1.47	R10124
ec:2.3.1.47	R03210
ec:2.3.1.51	R09381
ec:2.3.1.51	R02241
ec:2.3.1.51	R02760
ec:2.3.1.53	R00693
ec:2.3.1.54	R06987
ec:2.3.1.54	R00212
ec:2.3.1.57	R01154
ec:2.3.1.57	R03910
ec:2.3.1.61	R02571
ec:2.3.1.61	R02570
ec:2.3.1.79	R06251
ec:2.3.1.79	R01556
ec:2.3.1.8	R00921
ec:2.3.1.8	R00230
ec:2.3.1.9	R00927
ec:2.3.1.9	R01177
ec:2.3.1.9	R00238
ec:2.3.2.2	R03916
ec:2.3.2.2	R03970
ec:2.3.2.2	R03971
ec:2.3.2.2	R01262
ec:2.3.2.2	R01687
ec:2.3.2.2	R03867
ec:2.3.2.2	R04159
ec:2.3.2.2	R04935
ec:2.3.2.6	R03813
ec:2.3.2.6	R11443
ec:2.3.2.6	R11444
ec:2.3.3.1	R00351
ec:2.3.3.13	R01213
ec:2.3.3.5	R00351
ec:2.3.3.5	R00931
ec:2.3.3.9	R00472
ec:2.4.1.1	R02111
ec:2.4.1.1	R06050
ec:2.4.1.1	R06185
ec:2.4.1.1	R01821
ec:2.4.1.12	R06023
ec:2.4.1.12	R02889
ec:2.4.1.15	R00836
ec:2.4.1.15	R02737
ec:2.4.1.15	R06043
ec:2.4.1.15	R06226
ec:2.4.1.18	R06186
ec:2.4.1.18	R02110
ec:2.4.1.180	R04477
ec:2.4.1.182	R04606
ec:2.4.1.21	R06049
ec:2.4.1.21	R02421
ec:2.4.1.227	R05032
ec:2.4.1.227	R06172
ec:2.4.1.227	R06173
ec:2.4.1.227	R06174
ec:2.4.1.227	R05662
ec:2.4.1.230	R07264
ec:2.4.1.25	R05196
ec:2.4.1.25	R06069
ec:2.4.1.325	R10303
ec:2.4.1.347	R11783
ec:2.4.1.352	R11959
ec:2.4.2.1	R02294
ec:2.4.2.1	R02295
ec:2.4.2.1	R01561
ec:2.4.2.1	R01863
ec:2.4.2.1	R02147
ec:2.4.2.1	R02297
ec:2.4.2.1	R08368
ec:2.4.2.1	R01969
ec:2.4.2.1	R02557
ec:2.4.2.1	R02748
ec:2.4.2.1	R10244
ec:2.4.2.10	R08231
ec:2.4.2.10	R01870
ec:2.4.2.14	R01072
ec:2.4.2.17	R01071
ec:2.4.2.18	R01073
ec:2.4.2.19	R03348
ec:2.4.2.2	R02298
ec:2.4.2.2	R01876
ec:2.4.2.2	R02296
ec:2.4.2.2	R02484
ec:2.4.2.2	R01570
ec:2.4.2.21	R04148
ec:2.4.2.22	R01229
ec:2.4.2.22	R02142
ec:2.4.2.28	R01402
ec:2.4.2.29	R10209
ec:2.4.2.3	R02484
ec:2.4.2.3	R08229
ec:2.4.2.3	R01876
ec:2.4.2.4	R01969
ec:2.4.2.4	R02484
ec:2.4.2.4	R02748
ec:2.4.2.4	R08222
ec:2.4.2.4	R08230
ec:2.4.2.4	R01570
ec:2.4.2.43	R12207
ec:2.4.2.43	R09781
ec:2.4.2.43	R09773
ec:2.4.2.43	R09774
ec:2.4.2.52	R09675
ec:2.4.2.53	R07661
ec:2.4.2.7	R04378
ec:2.4.2.7	R00190
ec:2.4.2.8	R01229
ec:2.4.2.8	R02142
ec:2.4.2.8	R08237
ec:2.4.2.8	R08238
ec:2.4.2.8	R08245
ec:2.4.2.8	R01132
ec:2.4.2.9	R00966
ec:2.4.99.12	R04658
ec:2.4.99.13	R05074
ec:2.4.99.13	R06285
ec:2.4.99.14	R09763
ec:2.4.99.14	R09764
ec:2.4.99.15	R09765
ec:2.4.99.15	R09766
ec:2.4.99.17	R10220
ec:2.4.99.23	R13003
ec:2.4.99.24	R13004
ec:2.4.99.25	R13005
ec:2.4.99.28	R04519
ec:2.4.99.28	R06177
ec:2.4.99.28	R06178
ec:2.4.99.28	R06179
ec:2.5.1.1	R01658
ec:2.5.1.10	R02003
ec:2.5.1.129	R11225
ec:2.5.1.141	R07411
ec:2.5.1.144	R03132
ec:2.5.1.15	R03066
ec:2.5.1.15	R03067
ec:2.5.1.154	R01492
ec:2.5.1.154	R12945
ec:2.5.1.16	R08359
ec:2.5.1.16	R01920
ec:2.5.1.17	R01492
ec:2.5.1.17	R05220
ec:2.5.1.17	R07268
ec:2.5.1.17	R12183
ec:2.5.1.17	R12184
ec:2.5.1.18	R07002
ec:2.5.1.18	R07003
ec:2.5.1.18	R07004
ec:2.5.1.18	R07023
ec:2.5.1.18	R07024
ec:2.5.1.18	R07025
ec:2.5.1.18	R07026
ec:2.5.1.18	R07069
ec:2.5.1.18	R07070
ec:2.5.1.18	R07083
ec:2.5.1.18	R07084
ec:2.5.1.18	R07091
ec:2.5.1.18	R07092
ec:2.5.1.18	R08280
ec:2.5.1.18	R09409
ec:2.5.1.18	R11905
ec:2.5.1.18	R03522
ec:2.5.1.18	R07093
ec:2.5.1.18	R07094
ec:2.5.1.18	R07100
ec:2.5.1.18	R07113
ec:2.5.1.18	R07116
ec:2.5.1.18	R08511
ec:2.5.1.18	R08512
ec:2.5.1.19	R03460
ec:2.5.1.25	R03019
ec:2.5.1.3	R11312
ec:2.5.1.3	R10712
ec:2.5.1.3	R03223
ec:2.5.1.31	R06447
ec:2.5.1.39	R05000
ec:2.5.1.39	R05615
ec:2.5.1.39	R05616
ec:2.5.1.39	R07273
ec:2.5.1.47	R03601
ec:2.5.1.47	R04859
ec:2.5.1.47	R07274
ec:2.5.1.47	R00897
ec:2.5.1.48	R00999
ec:2.5.1.48	R01288
ec:2.5.1.48	R02508
ec:2.5.1.48	R03217
ec:2.5.1.48	R04944
ec:2.5.1.48	R04945
ec:2.5.1.48	R04946
ec:2.5.1.48	R03260
ec:2.5.1.54	R01826
ec:2.5.1.55	R03254
ec:2.5.1.6	R04771
ec:2.5.1.6	R00177
ec:2.5.1.61	R00084
ec:2.5.1.7	R00660
ec:2.5.1.72	R04292
ec:2.5.1.74	R10757
ec:2.5.1.75	R01122
ec:2.5.1.78	R04457
ec:2.5.1.9	R00066
ec:2.5.1.90	R09248
ec:2.6.1.1	R00694
ec:2.6.1.1	R00734
ec:2.6.1.1	R00895
ec:2.6.1.1	R00896
ec:2.6.1.1	R02433
ec:2.6.1.1	R02619
ec:2.6.1.1	R05052
ec:2.6.1.1	R00355
ec:2.6.1.11	R02283
ec:2.6.1.16	R00768
ec:2.6.1.17	R04475
ec:2.6.1.19	R00908
ec:2.6.1.19	R01648
ec:2.6.1.2	R00258
ec:2.6.1.22	R04188
ec:2.6.1.42	R01214
ec:2.6.1.42	R02199
ec:2.6.1.42	R10991
ec:2.6.1.42	R01090
ec:2.6.1.48	R02274
ec:2.6.1.52	R04173
ec:2.6.1.52	R05085
ec:2.6.1.57	R01731
ec:2.6.1.57	R07396
ec:2.6.1.57	R00694
ec:2.6.1.57	R00734
ec:2.6.1.57	R03120
ec:2.6.1.57	R10845
ec:2.6.1.59	R04438
ec:2.6.1.62	R03231
ec:2.6.1.66	R01215
ec:2.6.1.81	R04217
ec:2.6.1.82	R12214
ec:2.6.1.82	R01155
ec:2.6.1.85	R01716
ec:2.6.1.85	R00256
ec:2.6.1.85	R05552
ec:2.6.1.87	R07659
ec:2.6.1.88	R08618
ec:2.6.1.9	R00694
ec:2.6.1.9	R00734
ec:2.6.1.9	R03243
ec:2.6.99.2	R05838
ec:2.7.1.107	R02240
ec:2.7.1.11	R00756
ec:2.7.1.11	R00767
ec:2.7.1.11	R00769
ec:2.7.1.11	R00770
ec:2.7.1.11	R01843
ec:2.7.1.11	R03236
ec:2.7.1.11	R03237
ec:2.7.1.11	R03238
ec:2.7.1.11	R03239
ec:2.7.1.11	R04779
ec:2.7.1.12	R01737
ec:2.7.1.121	R01012
ec:2.7.1.130	R04657
ec:2.7.1.148	R05634
ec:2.7.1.15	R02750
ec:2.7.1.15	R01051
ec:2.7.1.156	R05221
ec:2.7.1.156	R06558
ec:2.7.1.16	R01526
ec:2.7.1.16	R02439
ec:2.7.1.165	R08572
ec:2.7.1.167	R05646
ec:2.7.1.17	R01639
ec:2.7.1.170	R09640
ec:2.7.1.170	R12755
ec:2.7.1.180	R10613
ec:2.7.1.184	R10970
ec:2.7.1.189	R11183
ec:2.7.1.19	R01523
ec:2.7.1.191	R02630
ec:2.7.1.192	R08559
ec:2.7.1.193	R05199
ec:2.7.1.194	R07671
ec:2.7.1.195	R11169
ec:2.7.1.196	R11170
ec:2.7.1.197	R02704
ec:2.7.1.198	R05820
ec:2.7.1.199	R02738
ec:2.7.1.2	R00299
ec:2.7.1.2	R01600
ec:2.7.1.2	R01786
ec:2.7.1.200	R05570
ec:2.7.1.201	R02780
ec:2.7.1.201	R06229
ec:2.7.1.202	R03232
ec:2.7.1.205	R11172
ec:2.7.1.208	R06236
ec:2.7.1.208	R04111
ec:2.7.1.21	R02099
ec:2.7.1.21	R08233
ec:2.7.1.21	R01567
ec:2.7.1.217	R11706
ec:2.7.1.217	R11707
ec:2.7.1.218	R08124
ec:2.7.1.22	R02324
ec:2.7.1.23	R00104
ec:2.7.1.235	R12951
ec:2.7.1.24	R00130
ec:2.7.1.25	R04928
ec:2.7.1.25	R00509
ec:2.7.1.26	R00549
ec:2.7.1.30	R00847
ec:2.7.1.33	R02971
ec:2.7.1.33	R04391
ec:2.7.1.33	R03018
ec:2.7.1.35	R01909
ec:2.7.1.35	R02493
ec:2.7.1.35	R00174
ec:2.7.1.39	R01771
ec:2.7.1.4	R00760
ec:2.7.1.4	R00867
ec:2.7.1.4	R03920
ec:2.7.1.40	R00430
ec:2.7.1.40	R00572
ec:2.7.1.40	R00659
ec:2.7.1.40	R00724
ec:2.7.1.40	R01138
ec:2.7.1.40	R01858
ec:2.7.1.40	R02320
ec:2.7.1.40	R00200
ec:2.7.1.45	R01541
ec:2.7.1.48	R00517
ec:2.7.1.48	R00968
ec:2.7.1.48	R08232
ec:2.7.1.48	R00964
ec:2.7.1.48	R00513
ec:2.7.1.49	R03471
ec:2.7.1.5	R01902
ec:2.7.1.5	R03014
ec:2.7.1.50	R04448
ec:2.7.1.51	R12695
ec:2.7.1.51	R03241
ec:2.7.1.53	R07127
ec:2.7.1.53	R01901
ec:2.7.1.55	R03576
ec:2.7.1.56	R02071
ec:2.7.1.56	R03236
ec:2.7.1.56	R13203
ec:2.7.1.58	R03387
ec:2.7.1.59	R01201
ec:2.7.1.6	R01092
ec:2.7.1.60	R02650
ec:2.7.1.60	R02705
ec:2.7.1.71	R02412
ec:2.7.1.73	R01228
ec:2.7.1.73	R01131
ec:2.7.1.83	R03315
ec:2.7.1.89	R02134
ec:2.7.10.3	R02584
ec:2.7.11.1	R03632
ec:2.7.11.1	R00162
ec:2.7.11.5	R04401
ec:2.7.2.1	R01353
ec:2.7.2.1	R00315
ec:2.7.2.11	R00239
ec:2.7.2.15	R01353
ec:2.7.2.15	R00315
ec:2.7.2.2	R00150
ec:2.7.2.2	R01395
ec:2.7.2.2	R12185
ec:2.7.2.3	R01512
ec:2.7.2.4	R00480
ec:2.7.2.8	R02649
ec:2.7.3.9	R02628
ec:2.7.4.1	R02184
ec:2.7.4.16	R00617
ec:2.7.4.22	R00158
ec:2.7.4.23	R06836
ec:2.7.4.25	R00512
ec:2.7.4.25	R01665
ec:2.7.4.29	R11186
ec:2.7.4.3	R01547
ec:2.7.4.3	R11319
ec:2.7.4.3	R00127
ec:2.7.4.6	R11894
ec:2.7.4.6	R11895
ec:2.7.4.6	R00124
ec:2.7.4.6	R00139
ec:2.7.4.6	R00156
ec:2.7.4.6	R00330
ec:2.7.4.6	R00331
ec:2.7.4.6	R00570
ec:2.7.4.6	R00722
ec:2.7.4.6	R01137
ec:2.7.4.6	R01857
ec:2.7.4.6	R02093
ec:2.7.4.6	R02326
ec:2.7.4.6	R02331
ec:2.7.4.6	R03530
ec:2.7.4.6	R12853
ec:2.7.4.7	R04509
ec:2.7.4.8	R02090
ec:2.7.4.8	R12852
ec:2.7.4.8	R00332
ec:2.7.4.9	R02098
ec:2.7.4.9	R02094
ec:2.7.6.1	R01049
ec:2.7.6.3	R03503
ec:2.7.6.5	R00429
ec:2.7.7.1	R03005
ec:2.7.7.1	R00137
ec:2.7.7.12	R00955
ec:2.7.7.13	R00885
ec:2.7.7.18	R00137
ec:2.7.7.18	R03005
ec:2.7.7.19	R00435
ec:2.7.7.2	R00161
ec:2.7.7.23	R00416
ec:2.7.7.24	R02328
ec:2.7.7.27	R00948
ec:2.7.7.3	R03035
ec:2.7.7.38	R03351
ec:2.7.7.4	R04929
ec:2.7.7.4	R00529
ec:2.7.7.41	R01799
ec:2.7.7.42	R03473
ec:2.7.7.56	R07285
ec:2.7.7.59	R04733
ec:2.7.7.6	R10813
ec:2.7.7.6	R00435
ec:2.7.7.6	R00441
ec:2.7.7.6	R00442
ec:2.7.7.6	R00443
ec:2.7.7.6	R00444
ec:2.7.7.60	R05633
ec:2.7.7.61	R10706
ec:2.7.7.62	R05222
ec:2.7.7.65	R08057
ec:2.7.7.7	R11029
ec:2.7.7.7	R00375
ec:2.7.7.7	R00376
ec:2.7.7.7	R00377
ec:2.7.7.7	R00378
ec:2.7.7.7	R00379
ec:2.7.7.70	R05644
ec:2.7.7.72	R09382
ec:2.7.7.72	R09383
ec:2.7.7.72	R09384
ec:2.7.7.72	R09386
ec:2.7.7.73	R07459
ec:2.7.7.75	R09726
ec:2.7.7.76	R11582
ec:2.7.7.77	R11581
ec:2.7.7.8	R00437
ec:2.7.7.8	R00438
ec:2.7.7.8	R00439
ec:2.7.7.8	R00440
ec:2.7.7.8	R07282
ec:2.7.7.80	R07459
ec:2.7.7.87	R10463
ec:2.7.7.89	R03474
ec:2.7.7.9	R00289
ec:2.7.8.13	R05630
ec:2.7.8.13	R05629
ec:2.7.8.20	R05081
ec:2.7.8.20	R10849
ec:2.7.8.20	R12900
ec:2.7.8.20	R04511
ec:2.7.8.26	R05223
ec:2.7.8.26	R11174
ec:2.7.8.31	R09641
ec:2.7.8.33	R08856
ec:2.7.8.33	R12859
ec:2.7.8.35	R10137
ec:2.7.8.35	R12075
ec:2.7.8.37	R10185
ec:2.7.8.42	R11204
ec:2.7.8.42	R11205
ec:2.7.8.43	R11555
ec:2.7.8.43	R11556
ec:2.7.8.43	R11557
ec:2.7.8.43	R12202
ec:2.7.8.5	R01801
ec:2.7.8.7	R01625
ec:2.7.8.8	R01800
ec:2.7.9.2	R00199
ec:2.7.9.3	R03595
ec:2.8.1.1	R01931
ec:2.8.1.10	R10247
ec:2.8.1.11	R07461
ec:2.8.1.12	R09395
ec:2.8.1.13	R08700
ec:2.8.1.2	R03105
ec:2.8.1.2	R12689
ec:2.8.1.2	R12690
ec:2.8.1.4	R07461
ec:2.8.1.4	R03923
ec:2.8.1.6	R01078
ec:2.8.1.7	R11528
ec:2.8.1.7	R07460
ec:2.8.1.7	R11529
ec:2.8.1.8	R07767
ec:2.8.1.8	R12423
ec:2.8.1.8	R12424
ec:2.8.3.10	R01323
ec:2.8.3.16	R07290
ec:2.8.3.19	R10614
ec:2.8.3.21	R10643
ec:2.8.3.21	R10644
ec:2.8.3.27	R11773
ec:2.8.3.8	R00393
ec:2.8.3.8	R01179
ec:2.8.3.8	R01359
ec:2.8.3.8	R07832
ec:2.8.3.9	R01365
ec:2.8.4.3	R10645
ec:2.8.4.3	R10646
ec:2.8.4.3	R10647
ec:2.8.4.4	R10652
ec:2.9.1.1	R08219
ec:2.9.1.3	R12580
ec:2.9.1.3	R12581
ec:2.9.1.3	R12582
ec:2.9.1.3	R12583
ec:3.1.1.106	R12390
ec:3.1.1.106	R12391
ec:3.1.1.11	R06250
ec:3.1.1.11	R02362
ec:3.1.1.2	R01241
ec:3.1.1.2	R06893
ec:3.1.1.2	R07342
ec:3.1.1.29	R04238
ec:3.1.1.31	R02035
ec:3.1.1.32	R02054
ec:3.1.1.32	R04034
ec:3.1.1.32	R07860
ec:3.1.1.32	R01314
ec:3.1.1.32	R01316
ec:3.1.1.4	R02053
ec:3.1.1.4	R03107
ec:3.1.1.4	R07379
ec:3.1.1.4	R07387
ec:3.1.1.4	R01313
ec:3.1.1.4	R01315
ec:3.1.1.4	R01317
ec:3.1.1.4	R07064
ec:3.1.1.4	R07859
ec:3.1.1.45	R05510
ec:3.1.1.45	R05511
ec:3.1.1.45	R06835
ec:3.1.1.45	R06838
ec:3.1.1.45	R08120
ec:3.1.1.45	R08121
ec:3.1.1.45	R09136
ec:3.1.1.45	R09220
ec:3.1.1.45	R09222
ec:3.1.1.45	R03893
ec:3.1.1.5	R01309
ec:3.1.1.5	R02744
ec:3.1.1.5	R02746
ec:3.1.1.5	R02747
ec:3.1.1.5	R03416
ec:3.1.1.5	R03417
ec:3.1.1.5	R07291
ec:3.1.1.61	R02624
ec:3.1.1.85	R09725
ec:3.1.2.12	R00527
ec:3.1.2.2	R08174
ec:3.1.2.2	R08175
ec:3.1.2.2	R08176
ec:3.1.2.2	R08177
ec:3.1.2.2	R08178
ec:3.1.2.2	R08179
ec:3.1.2.2	R08180
ec:3.1.2.2	R08181
ec:3.1.2.2	R08182
ec:3.1.2.2	R08183
ec:3.1.2.2	R09450
ec:3.1.2.2	R01274
ec:3.1.2.20	R00383
ec:3.1.2.20	R01274
ec:3.1.2.28	R07262
ec:3.1.2.6	R01736
ec:3.1.2.6	R04090
ec:3.1.3.1	R01010
ec:3.1.3.1	R04620
ec:3.1.3.1	R00626
ec:3.1.3.1	R02135
ec:3.1.3.1	R03024
ec:3.1.3.10	R00304
ec:3.1.3.10	R00947
ec:3.1.3.100	R02135
ec:3.1.3.102	R00548
ec:3.1.3.104	R07280
ec:3.1.3.11	R01845
ec:3.1.3.11	R00762
ec:3.1.3.11	R04780
ec:3.1.3.12	R06228
ec:3.1.3.12	R02778
ec:3.1.3.15	R03013
ec:3.1.3.16	R00164
ec:3.1.3.18	R01334
ec:3.1.3.2	R01010
ec:3.1.3.2	R00548
ec:3.1.3.2	R00626
ec:3.1.3.2	R02135
ec:3.1.3.2	R03024
ec:3.1.3.2	R11527
ec:3.1.3.22	R02167
ec:3.1.3.23	R00804
ec:3.1.3.25	R01185
ec:3.1.3.25	R01186
ec:3.1.3.25	R01187
ec:3.1.3.25	R07343
ec:3.1.3.26	R03372
ec:3.1.3.27	R02029
ec:3.1.3.3	R00582
ec:3.1.3.3	R02853
ec:3.1.3.4	R04162
ec:3.1.3.4	R06520
ec:3.1.3.4	R06521
ec:3.1.3.4	R06522
ec:3.1.3.4	R02239
ec:3.1.3.45	R03350
ec:3.1.3.48	R02585
ec:3.1.3.5	R01569
ec:3.1.3.5	R01664
ec:3.1.3.5	R01968
ec:3.1.3.5	R02088
ec:3.1.3.5	R02102
ec:3.1.3.5	R12958
ec:3.1.3.5	R00183
ec:3.1.3.5	R00511
ec:3.1.3.5	R00963
ec:3.1.3.5	R01126
ec:3.1.3.5	R01227
ec:3.1.3.5	R02323
ec:3.1.3.5	R02719
ec:3.1.3.5	R03346
ec:3.1.3.5	R07297
ec:3.1.3.50	R02866
ec:3.1.3.6	R01562
ec:3.1.3.6	R01877
ec:3.1.3.6	R02148
ec:3.1.3.6	R02370
ec:3.1.3.6	R03060
ec:3.1.3.68	R08548
ec:3.1.3.68	R02587
ec:3.1.3.7	R00508
ec:3.1.3.7	R00188
ec:3.1.3.70	R05790
ec:3.1.3.73	R11173
ec:3.1.3.73	R04594
ec:3.1.3.74	R01911
ec:3.1.3.74	R02494
ec:3.1.3.74	R00173
ec:3.1.3.82	R05647
ec:3.1.3.83	R09771
ec:3.1.3.89	R01569
ec:3.1.3.89	R01664
ec:3.1.3.89	R01968
ec:3.1.3.89	R02088
ec:3.1.3.89	R02102
ec:3.1.3.89	R10776
ec:3.1.3.89	R12958
ec:3.1.3.97	R00188
ec:3.1.3.97	R11188
ec:3.1.4.14	R01623
ec:3.1.4.16	R03423
ec:3.1.4.16	R03537
ec:3.1.4.16	R03538
ec:3.1.4.16	R03929
ec:3.1.4.16	R05135
ec:3.1.4.46	R00857
ec:3.1.4.46	R01030
ec:3.1.4.46	R01470
ec:3.1.4.52	R08991
ec:3.1.4.53	R00191
ec:3.1.4.55	R10205
ec:3.1.4.58	R11786
ec:3.1.5.1	R01856
ec:3.1.6.1	R04856
ec:3.1.6.1	R06280
ec:3.1.6.1	R01243
ec:3.1.6.1	R03980
ec:3.1.6.21	R12797
ec:3.1.7.2	R00336
ec:3.2.1.1	R02108
ec:3.2.1.1	R02112
ec:3.2.1.1	R06209
ec:3.2.1.1	R11262
ec:3.2.1.14	R01206
ec:3.2.1.14	R02334
ec:3.2.1.14	R06081
ec:3.2.1.14	R06082
ec:3.2.1.199	R11543
ec:3.2.1.20	R00028
ec:3.2.1.20	R00801
ec:3.2.1.20	R00802
ec:3.2.1.20	R06084
ec:3.2.1.20	R06087
ec:3.2.1.20	R06088
ec:3.2.1.21	R00026
ec:3.2.1.21	R00306
ec:3.2.1.21	R02558
ec:3.2.1.21	R02887
ec:3.2.1.21	R02985
ec:3.2.1.21	R03527
ec:3.2.1.21	R04949
ec:3.2.1.21	R04998
ec:3.2.1.21	R06077
ec:3.2.1.21	R06092
ec:3.2.1.21	R10035
ec:3.2.1.21	R10039
ec:3.2.1.21	R10040
ec:3.2.1.21	R13051
ec:3.2.1.21	R13052
ec:3.2.1.21	R13065
ec:3.2.1.21	R13081
ec:3.2.1.22	R01101
ec:3.2.1.22	R01103
ec:3.2.1.22	R01104
ec:3.2.1.22	R01194
ec:3.2.1.22	R01329
ec:3.2.1.22	R02926
ec:3.2.1.22	R03618
ec:3.2.1.22	R03634
ec:3.2.1.22	R04019
ec:3.2.1.22	R04470
ec:3.2.1.22	R05549
ec:3.2.1.22	R05961
ec:3.2.1.22	R06070
ec:3.2.1.22	R06091
ec:3.2.1.22	R06093
ec:3.2.1.22	R06094
ec:3.2.1.22	R06096
ec:3.2.1.22	R06142
ec:3.2.1.22	R06152
ec:3.2.1.23	R01100
ec:3.2.1.23	R01105
ec:3.2.1.23	R01678
ec:3.2.1.23	R03355
ec:3.2.1.23	R04633
ec:3.2.1.23	R04783
ec:3.2.1.23	R05112
ec:3.2.1.23	R05994
ec:3.2.1.23	R06010
ec:3.2.1.23	R06098
ec:3.2.1.23	R06099
ec:3.2.1.23	R06114
ec:3.2.1.23	R06144
ec:3.2.1.23	R06202
ec:3.2.1.23	R07807
ec:3.2.1.28	R06103
ec:3.2.1.28	R00010
ec:3.2.1.31	R04979
ec:3.2.1.31	R08127
ec:3.2.1.31	R01478
ec:3.2.1.31	R07818
ec:3.2.1.31	R08260
ec:3.2.1.31	R10830
ec:3.2.1.37	R01433
ec:3.2.1.37	R06203
ec:3.2.1.4	R06200
ec:3.2.1.4	R11307
ec:3.2.1.4	R11308
ec:3.2.1.52	R00022
ec:3.2.1.52	R03492
ec:3.2.1.52	R04184
ec:3.2.1.52	R04586
ec:3.2.1.52	R05963
ec:3.2.1.52	R06001
ec:3.2.1.52	R06004
ec:3.2.1.52	R06141
ec:3.2.1.52	R07809
ec:3.2.1.52	R07810
ec:3.2.1.52	R09323
ec:3.2.1.52	R10831
ec:3.2.1.52	R11316
ec:3.2.1.52	R11317
ec:3.2.1.52	R12963
ec:3.2.1.86	R05133
ec:3.2.1.86	R05134
ec:3.2.1.86	R06112
ec:3.2.1.86	R00839
ec:3.2.1.93	R06113
ec:3.2.1.93	R00837
ec:3.2.2.10	R12956
ec:3.2.2.10	R00510
ec:3.2.2.10	R02171
ec:3.2.2.10	R12955
ec:3.2.2.4	R00182
ec:3.2.2.8	R01080
ec:3.2.2.8	R02137
ec:3.2.2.8	R02172
ec:3.2.2.9	R00194
ec:3.2.2.9	R12621
ec:3.2.2.9	R01401
ec:3.3.2.1	R03037
ec:3.3.2.12	R09836
ec:3.4.11.1	R00899
ec:3.4.11.1	R04951
ec:3.4.11.2	R00899
ec:3.4.11.2	R04951
ec:3.4.11.23	R00899
ec:3.4.11.23	R04951
ec:3.4.13.22	R07651
ec:3.4.19.13	R00494
ec:3.5.1.1	R06134
ec:3.5.1.1	R00485
ec:3.5.1.10	R00944
ec:3.5.1.105	R11889
ec:3.5.1.108	R04587
ec:3.5.1.108	R12926
ec:3.5.1.110	R09947
ec:3.5.1.110	R09948
ec:3.5.1.110	R09949
ec:3.5.1.110	R09950
ec:3.5.1.110	R12625
ec:3.5.1.110	R09980
ec:3.5.1.110	R07316
ec:3.5.1.110	R12623
ec:3.5.1.110	R12624
ec:3.5.1.124	R11562
ec:3.5.1.124	R11563
ec:3.5.1.124	R11564
ec:3.5.1.135	R12635
ec:3.5.1.16	R09107
ec:3.5.1.16	R00669
ec:3.5.1.18	R02734
ec:3.5.1.19	R06134
ec:3.5.1.19	R01268
ec:3.5.1.2	R01579
ec:3.5.1.2	R06134
ec:3.5.1.2	R00256
ec:3.5.1.25	R02059
ec:3.5.1.28	R04112
ec:3.5.1.3	R06134
ec:3.5.1.3	R00269
ec:3.5.1.3	R00348
ec:3.5.1.3	R03804
ec:3.5.1.42	R06134
ec:3.5.1.42	R02322
ec:3.5.1.44	R06134
ec:3.5.1.44	R02622
ec:3.5.1.78	R01918
ec:3.5.1.88	R04268
ec:3.5.1.88	R05635
ec:3.5.1.94	R07419
ec:3.5.1.96	R00411
ec:3.5.2.17	R06601
ec:3.5.2.2	R03055
ec:3.5.2.2	R08227
ec:3.5.2.2	R02269
ec:3.5.2.3	R01993
ec:3.5.2.5	R02425
ec:3.5.2.6	R03743
ec:3.5.2.6	R04318
ec:3.5.2.6	R06363
ec:3.5.2.9	R00251
ec:3.5.3.11	R01157
ec:3.5.3.23	R04189
ec:3.5.3.26	R05554
ec:3.5.3.9	R06138
ec:3.5.3.9	R02423
ec:3.5.4.1	R01411
ec:3.5.4.1	R00974
ec:3.5.4.10	R01127
ec:3.5.4.13	R02325
ec:3.5.4.16	R00428
ec:3.5.4.16	R04639
ec:3.5.4.16	R05046
ec:3.5.4.16	R05048
ec:3.5.4.16	R00424
ec:3.5.4.19	R04037
ec:3.5.4.2	R01244
ec:3.5.4.21	R02922
ec:3.5.4.25	R00425
ec:3.5.4.26	R03459
ec:3.5.4.3	R01676
ec:3.5.4.33	R10223
ec:3.5.4.4	R01560
ec:3.5.4.4	R02556
ec:3.5.4.5	R08221
ec:3.5.4.5	R01878
ec:3.5.4.5	R02485
ec:3.5.4.9	R01655
ec:3.5.99.10	R11098
ec:3.5.99.10	R11099
ec:3.5.99.6	R00765
ec:3.6.1.1	R00004
ec:3.6.1.11	R03409
ec:3.6.1.11	R03042
ec:3.6.1.13	R01054
ec:3.6.1.22	R03004
ec:3.6.1.22	R00103
ec:3.6.1.22	R11104
ec:3.6.1.23	R11896
ec:3.6.1.23	R02100
ec:3.6.1.25	R00138
ec:3.6.1.26	R01797
ec:3.6.1.27	R05627
ec:3.6.1.31	R04035
ec:3.6.1.40	R03409
ec:3.6.1.41	R00125
ec:3.6.1.45	R00287
ec:3.6.1.45	R03986
ec:3.6.1.54	R04549
ec:3.6.1.55	R09832
ec:3.6.1.63	R10186
ec:3.6.1.65	R00515
ec:3.6.1.65	R01668
ec:3.6.1.66	R08243
ec:3.6.1.66	R02720
ec:3.6.1.66	R03531
ec:3.6.1.66	R00720
ec:3.6.1.67	R04638
ec:3.6.1.7	R00317
ec:3.6.1.7	R00539
ec:3.6.1.7	R01421
ec:3.6.1.7	R01515
ec:3.6.1.73	R00719
ec:3.6.1.73	R12589
ec:3.6.1.75	R09644
ec:3.6.1.9	R00103
ec:3.6.1.9	R00160
ec:3.6.1.9	R00287
ec:3.6.1.9	R03004
ec:3.6.1.9	R03036
ec:3.6.1.9	R00087
ec:3.6.1.9	R00426
ec:3.6.1.9	R00515
ec:3.6.1.9	R00662
ec:3.6.1.9	R01532
ec:3.6.1.9	R11323
ec:3.6.5.4	R00335
ec:3.7.1.14	R02603
ec:3.7.1.14	R06789
ec:4.1.1.104	R11716
ec:4.1.1.104	R11717
ec:4.1.1.11	R00489
ec:4.1.1.15	R00489
ec:4.1.1.15	R01682
ec:4.1.1.15	R02466
ec:4.1.1.15	R00261
ec:4.1.1.17	R00670
ec:4.1.1.18	R00462
ec:4.1.1.19	R00566
ec:4.1.1.20	R00451
ec:4.1.1.23	R00965
ec:4.1.1.31	R00345
ec:4.1.1.36	R03269
ec:4.1.1.37	R04972
ec:4.1.1.37	R03197
ec:4.1.1.47	R00013
ec:4.1.1.48	R03508
ec:4.1.1.49	R00341
ec:4.1.1.50	R00178
ec:4.1.1.65	R02055
ec:4.1.1.73	R01751
ec:4.1.1.8	R01908
ec:4.1.1.85	R07125
ec:4.1.1.98	R04985
ec:4.1.1.98	R04986
ec:4.1.2.13	R01829
ec:4.1.2.13	R02568
ec:4.1.2.13	R01068
ec:4.1.2.13	R01070
ec:4.1.2.14	R05605
ec:4.1.2.17	R12696
ec:4.1.2.17	R02262
ec:4.1.2.19	R01785
ec:4.1.2.19	R02263
ec:4.1.2.20	R02754
ec:4.1.2.20	R03277
ec:4.1.2.21	R01064
ec:4.1.2.25	R03504
ec:4.1.2.28	R01782
ec:4.1.2.4	R01066
ec:4.1.2.40	R01069
ec:4.1.2.48	R00751
ec:4.1.2.48	R06171
ec:4.1.2.50	R09959
ec:4.1.2.53	R02261
ec:4.1.2.57	R10760
ec:4.1.3.1	R00479
ec:4.1.3.27	R00985
ec:4.1.3.27	R00986
ec:4.1.3.3	R01811
ec:4.1.3.3	R12768
ec:4.1.3.30	R00409
ec:4.1.3.34	R00354
ec:4.1.3.36	R07263
ec:4.1.3.36	R04150
ec:4.1.3.38	R05553
ec:4.1.3.39	R00750
ec:4.1.3.40	R01302
ec:4.1.3.42	R00470
ec:4.1.3.42	R10283
ec:4.1.99.1	R00673
ec:4.1.99.1	R12758
ec:4.1.99.1	R11100
ec:4.1.99.1	R11099
ec:4.1.99.12	R07281
ec:4.1.99.17	R03472
ec:4.1.99.19	R10246
ec:4.1.99.22	R09394
ec:4.1.99.3	R00034
ec:4.1.99.3	R08765
ec:4.2.1.1	R00132
ec:4.2.1.1	R10092
ec:4.2.1.10	R03084
ec:4.2.1.104	R10079
ec:4.2.1.104	R03546
ec:4.2.1.104	R07316
ec:4.2.1.11	R04206
ec:4.2.1.11	R00658
ec:4.2.1.113	R04031
ec:4.2.1.12	R02036
ec:4.2.1.126	R08555
ec:4.2.1.130	R09796
ec:4.2.1.136	R10267
ec:4.2.1.136	R10268
ec:4.2.1.149	R10675
ec:4.2.1.17	R03224
ec:4.2.1.17	R04137
ec:4.2.1.17	R05595
ec:4.2.1.17	R06411
ec:4.2.1.17	R06412
ec:4.2.1.17	R06942
ec:4.2.1.17	R08093
ec:4.2.1.17	R02685
ec:4.2.1.17	R03026
ec:4.2.1.17	R03045
ec:4.2.1.17	R04170
ec:4.2.1.17	R04204
ec:4.2.1.17	R04224
ec:4.2.1.17	R04738
ec:4.2.1.17	R04740
ec:4.2.1.17	R04744
ec:4.2.1.17	R04746
ec:4.2.1.17	R04749
ec:4.2.1.17	R07314
ec:4.2.1.17	R07889
ec:4.2.1.17	R07893
ec:4.2.1.17	R07897
ec:4.2.1.19	R03457
ec:4.2.1.2	R01082
ec:4.2.1.20	R02722
ec:4.2.1.20	R02340
ec:4.2.1.20	R00674
ec:4.2.1.24	R00036
ec:4.2.1.3	R01324
ec:4.2.1.3	R01325
ec:4.2.1.3	R01900
ec:4.2.1.32	R00339
ec:4.2.1.33	R10170
ec:4.2.1.33	R04001
ec:4.2.1.33	R03968
ec:4.2.1.35	R03898
ec:4.2.1.35	R03896
ec:4.2.1.40	R08056
ec:4.2.1.40	R02752
ec:4.2.1.42	R05608
ec:4.2.1.46	R06513
ec:4.2.1.47	R00888
ec:4.2.1.51	R00691
ec:4.2.1.51	R01373
ec:4.2.1.59	R10117
ec:4.2.1.59	R10121
ec:4.2.1.59	R04428
ec:4.2.1.59	R04535
ec:4.2.1.59	R04537
ec:4.2.1.59	R04544
ec:4.2.1.59	R04568
ec:4.2.1.59	R04954
ec:4.2.1.59	R04965
ec:4.2.1.59	R10208
ec:4.2.1.6	R03033
ec:4.2.1.7	R01540
ec:4.2.1.70	R01055
ec:4.2.1.75	R03165
ec:4.2.1.79	R04424
ec:4.2.1.8	R05606
ec:4.2.1.80	R04781
ec:4.2.1.80	R05297
ec:4.2.1.80	R02601
ec:4.2.1.82	R02429
ec:4.2.1.9	R05070
ec:4.2.1.9	R01209
ec:4.2.1.9	R04441
ec:4.2.1.90	R03774
ec:4.2.1.99	R04425
ec:4.2.2.29	R13248
ec:4.2.3.1	R05086
ec:4.2.3.1	R01466
ec:4.2.3.12	R04286
ec:4.2.3.3	R01016
ec:4.2.3.4	R03083
ec:4.2.3.5	R01714
ec:4.2.99.20	R08166
ec:4.3.1.1	R00490
ec:4.3.1.15	R00223
ec:4.3.1.15	R00195
ec:4.3.1.17	R06131
ec:4.3.1.17	R00220
ec:4.3.1.17	R00590
ec:4.3.1.17	R11100
ec:4.3.1.17	R11099
ec:4.3.1.18	R06131
ec:4.3.1.18	R00221
ec:4.3.1.19	R00220
ec:4.3.1.19	R06131
ec:4.3.1.19	R00996
ec:4.3.1.19	R11101
ec:4.3.1.19	R11098
ec:4.3.1.7	R06132
ec:4.3.1.7	R00749
ec:4.3.2.1	R01086
ec:4.3.2.10	R04558
ec:4.3.2.10	R00256
ec:4.3.2.10	R12152
ec:4.3.2.2	R12851
ec:4.3.2.2	R01083
ec:4.3.2.2	R04559
ec:4.3.2.3	R00776
ec:4.3.2.7	R11861
ec:4.3.3.7	R10147
ec:4.3.99.3	R10002
ec:4.4.1.13	R00782
ec:4.4.1.13	R04941
ec:4.4.1.13	R09366
ec:4.4.1.13	R01286
ec:4.4.1.13	R02408
ec:4.4.1.13	R02953
ec:4.4.1.13	R03528
ec:4.4.1.13	R12188
ec:4.4.1.15	R01874
ec:4.4.1.16	R03599
ec:4.4.1.21	R01291
ec:4.4.1.5	R02530
ec:4.6.1.1	R00434
ec:4.6.1.1	R00089
ec:4.6.1.12	R05637
ec:4.6.1.17	R11372
ec:4.7.1.1	R10204
ec:4.98.1.1	R00310
ec:4.99.1.4	R02864
ec:4.99.1.9	R11329
ec:5.1.1.1	R00401
ec:5.1.1.10	R00460
ec:5.1.1.10	R00567
ec:5.1.1.10	R00579
ec:5.1.1.10	R00589
ec:5.1.1.10	R00672
ec:5.1.1.10	R00903
ec:5.1.1.10	R01265
ec:5.1.1.20	R10938
ec:5.1.1.25	R13097
ec:5.1.1.3	R00260
ec:5.1.1.7	R02735
ec:5.1.2.3	R03276
ec:5.1.3.1	R01529
ec:5.1.3.13	R06514
ec:5.1.3.14	R00414
ec:5.1.3.14	R02707
ec:5.1.3.14	R00420
ec:5.1.3.15	R02739
ec:5.1.3.2	R00418
ec:5.1.3.2	R02984
ec:5.1.3.2	R00291
ec:5.1.3.20	R05176
ec:5.1.3.22	R03244
ec:5.1.3.24	R09797
ec:5.1.3.24	R12769
ec:5.1.3.24	R12770
ec:5.1.3.29	R10764
ec:5.1.3.3	R10619
ec:5.1.3.3	R01602
ec:5.1.3.32	R10819
ec:5.1.3.4	R05850
ec:5.1.3.41	R11720
ec:5.1.3.43	R12314
ec:5.1.3.9	R02087
ec:5.1.3.9	R02770
ec:5.1.99.6	R10280
ec:5.1.99.6	R10281
ec:5.1.99.7	R11082
ec:5.1.99.8	R11073
ec:5.2.1.8	R04273
ec:5.3.1.1	R01015
ec:5.3.1.12	R01983
ec:5.3.1.12	R01482
ec:5.3.1.13	R01530
ec:5.3.1.14	R02437
ec:5.3.1.16	R04640
ec:5.3.1.17	R04383
ec:5.3.1.22	R01394
ec:5.3.1.24	R03509
ec:5.3.1.25	R03163
ec:5.3.1.28	R05645
ec:5.3.1.28	R09768
ec:5.3.1.28	R09769
ec:5.3.1.3	R03163
ec:5.3.1.3	R01577
ec:5.3.1.31	R10765
ec:5.3.1.31	R12996
ec:5.3.1.32	R10939
ec:5.3.1.35	R11721
ec:5.3.1.35	R11722
ec:5.3.1.4	R01761
ec:5.3.1.4	R13545
ec:5.3.1.4	R12991
ec:5.3.1.5	R00307
ec:5.3.1.5	R00878
ec:5.3.1.5	R01432
ec:5.3.1.5	R12986
ec:5.3.1.6	R09030
ec:5.3.1.6	R01056
ec:5.3.1.8	R00772
ec:5.3.1.8	R01819
ec:5.3.1.9	R00771
ec:5.3.1.9	R02739
ec:5.3.1.9	R03321
ec:5.3.1.9	R13199
ec:5.3.1.9	R02740
ec:5.3.2.2	R00363
ec:5.3.2.6	R03966
ec:5.3.2.6	R05389
ec:5.3.3.14	R07639
ec:5.3.3.18	R09837
ec:5.3.3.2	R01123
ec:5.3.3.8	R04100
ec:5.3.3.8	R04756
ec:5.4.2.10	R02060
ec:5.4.2.11	R01518
ec:5.4.2.11	R01516
ec:5.4.2.12	R01518
ec:5.4.2.2	R01057
ec:5.4.2.2	R03319
ec:5.4.2.2	R00959
ec:5.4.2.2	R08639
ec:5.4.2.6	R11310
ec:5.4.2.6	R02728
ec:5.4.2.7	R02749
ec:5.4.2.7	R01057
ec:5.4.2.8	R01818
ec:5.4.3.8	R02272
ec:5.4.4.2	R01717
ec:5.4.99.12	R03020
ec:5.4.99.18	R07405
ec:5.4.99.2	R00833
ec:5.4.99.5	R01715
ec:5.4.99.62	R08247
ec:5.4.99.9	R09009
ec:5.4.99.9	R00505
ec:6.1.1.1	R02918
ec:6.1.1.10	R04773
ec:6.1.1.10	R03659
ec:6.1.1.11	R08218
ec:6.1.1.11	R03662
ec:6.1.1.12	R05577
ec:6.1.1.14	R03654
ec:6.1.1.15	R03661
ec:6.1.1.16	R03650
ec:6.1.1.17	R05578
ec:6.1.1.18	R03652
ec:6.1.1.19	R03646
ec:6.1.1.2	R03664
ec:6.1.1.20	R03660
ec:6.1.1.21	R03655
ec:6.1.1.22	R03648
ec:6.1.1.3	R03663
ec:6.1.1.4	R03657
ec:6.1.1.5	R03656
ec:6.1.1.6	R03658
ec:6.1.1.7	R03038
ec:6.1.1.9	R03665
ec:6.2.1.1	R00236
ec:6.2.1.1	R00316
ec:6.2.1.1	R00925
ec:6.2.1.1	R00926
ec:6.2.1.1	R01354
ec:6.2.1.1	R00235
ec:6.2.1.17	R00926
ec:6.2.1.17	R01354
ec:6.2.1.17	R00925
ec:6.2.1.20	R01406
ec:6.2.1.22	R04449
ec:6.2.1.26	R04030
ec:6.2.1.3	R00390
ec:6.2.1.3	R01280
ec:6.2.1.30	R02539
ec:6.2.1.48	R11632
ec:6.2.1.5	R02404
ec:6.2.1.5	R00405
ec:6.2.1.71	R12777
ec:6.2.1.71	R01504
ec:6.2.1.71	R12776
ec:6.2.1.72	R12780
ec:6.2.1.72	R12781
ec:6.2.1.72	R12779
ec:6.3.1.1	R00483
ec:6.3.1.11	R07414
ec:6.3.1.2	R00253
ec:6.3.1.20	R12429
ec:6.3.1.20	R11143
ec:6.3.1.20	R12433
ec:6.3.1.20	R12449
ec:6.3.1.20	R07770
ec:6.3.1.20	R07771
ec:6.3.1.21	R06974
ec:6.3.1.5	R00189
ec:6.3.1.8	R01917
ec:6.3.2.1	R02473
ec:6.3.2.10	R04617
ec:6.3.2.10	R04573
ec:6.3.2.12	R01654
ec:6.3.2.12	R02237
ec:6.3.2.13	R02788
ec:6.3.2.14	R07644
ec:6.3.2.17	R01654
ec:6.3.2.17	R02237
ec:6.3.2.17	R05197
ec:6.3.2.17	R00942
ec:6.3.2.17	R04241
ec:6.3.2.2	R10993
ec:6.3.2.2	R00894
ec:6.3.2.3	R10994
ec:6.3.2.3	R00497
ec:6.3.2.4	R01150
ec:6.3.2.45	R10901
ec:6.3.2.5	R04231
ec:6.3.2.6	R04591
ec:6.3.2.8	R03193
ec:6.3.2.9	R02783
ec:6.3.3.1	R04208
ec:6.3.3.2	R02301
ec:6.3.3.3	R12933
ec:6.3.3.3	R12934
ec:6.3.3.3	R03182
ec:6.3.4.13	R04144
ec:6.3.4.14	R04385
ec:6.3.4.15	R01074
ec:6.3.4.15	R05145
ec:6.3.4.15	R04562
ec:6.3.4.18	R07404
ec:6.3.4.19	R09597
ec:6.3.4.2	R00573
ec:6.3.4.2	R00256
ec:6.3.4.2	R00571
ec:6.3.4.20	R09978
ec:6.3.4.21	R01724
ec:6.3.4.4	R01135
ec:6.3.4.5	R01954
ec:6.3.5.2	R08244
ec:6.3.5.2	R01231
ec:6.3.5.2	R00256
ec:6.3.5.2	R01230
ec:6.3.5.3	R04463
ec:6.3.5.4	R00578
ec:6.3.5.4	R00256
ec:6.3.5.4	R00483
ec:6.3.5.5	R07641
ec:6.3.5.5	R00575
ec:6.3.5.5	R00256
ec:6.3.5.5	R10948
ec:6.3.5.5	R10949
ec:6.3.5.5	R01395
ec:6.4.1.2	R00742
ec:6.5.1.2	R00382
ec:6.5.1.4	R04274
ec:7.1.1.1	R13176
ec:7.1.1.2	R11945
ec:7.1.1.3	R11335
ec:7.1.1.3	R13247
ec:7.1.1.7	R11325
ec:7.1.1.7	R11885
ec:7.1.1.7	R11886
ec:7.1.2.2	R00086
